{
	"info": {
		"_postman_id": "3e8ad75e-0797-4e08-8a62-6929a691b3f2",
		"name": "todoApp",
		"schema": "https://schema.getpostman.com/json/collection/v2.1.0/collection.json",
		"_exporter_id": "7408838"
	},
	"item": [
		{
			"name": "Get Todo",
			"request": {
				"method": "GET",
				"header": [],
				"url": {
					"raw": "http://localhost:8080/api/list-todos?username=ravi",
					"protocol": "http",
					"host": [
						"localhost"
					],
					"port": "8080",
					"path": [
						"api",
						"list-todos"
					],
					"query": [
						{
							"key": "username",
							"value": "ravi"
						}
					]
				}
			},
			"response": []
		},
		{
			"name": "Add Todo",
			"request": {
				"method": "POST",
				"header": [],
				"body": {
					"mode": "raw",
					"raw": "{\r\n    \"description\" : \"description\",\r\n    \"username\" : \"ravi\",\r\n    \"done\" : false\r\n}",
					"options": {
						"raw": {
							"language": "json"
						}
					}
				},
				"url": {
					"raw": "http://localhost:8080/api/add-todo",
					"protocol": "http",
					"host": [
						"localhost"
					],
					"port": "8080",
					"path": [
						"api",
						"add-todo"
					]
				}
			},
			"response": []
		},
		{
			"name": "Update Todo",
			"request": {
				"method": "POST",
				"header": [],
				"body": {
					"mode": "raw",
					"raw": "{\r\n    \"id\": 5,\r\n    \"username\": \"ravi\",\r\n    \"description\": \"new description002\",\r\n    \"targetDate\": \"2024-12-17\",\r\n    \"done\": false\r\n}",
					"options": {
						"raw": {
							"language": "json"
						}
					}
				},
				"url": {
					"raw": "http://localhost:8080/api/update-todo",
					"protocol": "http",
					"host": [
						"localhost"
					],
					"port": "8080",
					"path": [
						"api",
						"update-todo"
					]
				}
			},
			"response": []
		},
		{
			"name": "Delete Todo",
			"request": {
				"method": "DELETE",
				"header": [],
				"body": {
					"mode": "raw",
					"raw": "{\r\n    \"id\": 5,\r\n    \"username\": \"ravi\",\r\n    \"description\": \"new description2\",\r\n    \"targetDate\": \"2024-12-17\",\r\n    \"done\": false\r\n}",
					"options": {
						"raw": {
							"language": "json"
						}
					}
				},
				"url": {
					"raw": "http://localhost:8080/api/delete-todo?id=5",
					"protocol": "http",
					"host": [
						"localhost"
					],
					"port": "8080",
					"path": [
						"api",
						"delete-todo"
					],
					"query": [
						{
							"key": "id",
							"value": "5"
						}
					]
				}
			},
			"response": []
		}
	]
}